Info_protein_id,Info_AA,Class
ABI20203.1,k,-1
ABI20203.1,r,-1
ABI20203.1,w,-1
ABI20203.1,i,-1
ABI20203.1,i,-1
ABI20203.1,l,-1
ABI20203.1,g,-1
ABI20203.1,l,-1
ABI20203.1,n,-1
ABI20203.1,k,-1
ABI20203.1,i,-1
ABI20203.1,v,-1
ABI20203.1,r,-1
ABI20203.1,m,-1
ABI20203.1,Y,1
ABI20203.1,G,1
ABI20203.1,P,1
ABI20203.1,K,1
ABI20203.1,E,1
ABI20203.1,P,1
ABI20203.1,f,-1
ABI20203.1,r,-1
ABI20203.1,d,-1
ABI20203.1,y,-1
ABI20203.1,v,-1
ABI20203.1,d,-1
ABI20203.1,r,-1
ABI20203.1,f,-1
ABI20203.1,y,-1
ABI20203.1,k,-1
AAC03762.1,r,-1
AAC03762.1,e,-1
AAC03762.1,i,-1
AAC03762.1,t,-1
AAC03762.1,f,-1
AAC03762.1,i,-1
AAC03762.1,y,-1
AAC03762.1,k,-1
AAC03762.1,s,-1
AAC03762.1,s,-1
AAC03762.1,c,-1
AAC03762.1,t,-1
AAC03762.1,d,-1
AAC03762.1,s,-1
AAC03762.1,d,-1
AAC03762.1,h,-1
AAC03762.1,c,-1
AAC03762.1,q,-1
AAC03762.1,e,-1
AAC03762.1,y,-1
AAC03762.1,q,-1
AAC03762.1,c,-1
AAC03762.1,k,-1
AAC03762.1,k,-1
AAC03762.1,v,-1
AAC03762.1,n,-1
AAC03762.1,L,1
AAC03762.1,N,1
AAC03762.1,s,-1
AAC03762.1,S,1
AAC03762.1,D,1
AAC03762.1,S,1
AAC03762.1,E,1
AAC03762.1,R,1
AAC03762.1,Q,1
AAC03762.1,Q,1
AAC03762.1,V,1
AAC03762.1,E,1
AAC03762.1,e,-1
AAC03762.1,t,-1
AAC03762.1,f,-1
AAC03762.1,n,-1
AAC03762.1,l,-1
AAC03762.1,i,-1
AAC03762.1,g,-1
AAC03762.1,c,-1
AAC03762.1,i,-1
AAC03762.1,e,-1
AAC03762.1,r,-1
AAC03762.1,t,-1
AAC03762.1,h,-1
AAC03762.1,v,-1
AAC03762.1,f,-1
AAC03762.1,c,-1
AAC03762.1,h,-1
AAC03762.1,t,-1
AAC03762.1,g,-1
P16082.1,s,-1
P16082.1,n,-1
P16082.1,s,-1
P16082.1,v,-1
P16082.1,r,-1
P16082.1,v,-1
P16082.1,e,-1
P16082.1,d,-1
P16082.1,v,-1
P16082.1,t,-1
P16082.1,N,1
P16082.1,T,1
P16082.1,a,-1
P16082.1,E,1
P16082.1,Y,1
P16082.1,w,-1
P16082.1,g,-1
P16082.1,f,-1
P16082.1,k,-1
P23426.1,t,-1
P23426.1,g,-1
P23426.1,k,-1
P23426.1,i,-1
P23426.1,p,-1
P23426.1,w,-1
P23426.1,I,1
P23426.1,L,1
P23426.1,l,-1
P23426.1,p,-1
P23426.1,g,-1
P23426.1,r,-1
